{
  "category": "leather",
  "auroc": 1.0,
  "average_precision": 1.0000000000000002,
  "f1_score": 1.0,
  "accuracy": 1.0,
  "precision": 1.0,
  "recall": 1.0,
  "threshold": 1.1352618932724,
  "threshold_method": "youden",
  "f1_at_fixed_thresholds": {
    "f1_at_p90": 0.24761904761904763,
    "f1_at_p95": 0.1414141414141414,
    "f1_at_p97": 0.08333333333333333,
    "f1_at_p99": 0.0425531914893617
  },
  "confusion_matrix": [
    [
      32,
      0
    ],
    [
      0,
      92
    ]
  ],
  "classification_report": {
    "Normal": {
      "precision": 1.0,
      "recall": 1.0,
      "f1-score": 1.0,
      "support": 32.0
    },
    "Anomaly": {
      "precision": 1.0,
      "recall": 1.0,
      "f1-score": 1.0,
      "support": 92.0
    },
    "accuracy": 1.0,
    "macro avg": {
      "precision": 1.0,
      "recall": 1.0,
      "f1-score": 1.0,
      "support": 124.0
    },
    "weighted avg": {
      "precision": 1.0,
      "recall": 1.0,
      "f1-score": 1.0,
      "support": 124.0
    }
  },
  "num_normal": 32,
  "num_anomaly": 92,
  "total_samples": 124,
  "score_stats": {
    "min": 1.0709940195083618,
    "max": 1.2034577131271362,
    "mean": 1.1536664962768555,
    "std": 0.04159422591328621,
    "normal_mean": 1.0863583087921143,
    "normal_std": 0.01202265452593565,
    "anomaly_mean": 1.1770778894424438,
    "anomaly_std": 0.012557443231344223
  },
  "plots": {
    "roc_curve": "outputs/results\\leather_roc_curve.png",
    "pr_curve": "outputs/results\\leather_pr_curve.png",
    "f1_threshold": "outputs/results\\leather_f1_threshold.png",
    "confusion_matrix": "outputs/results\\leather_confusion_matrix.png",
    "score_distribution": "outputs/results\\leather_score_distribution.png"
  },
  "calibration": {
    "method": "percentile",
    "temperature": 1.0,
    "score_min": 1.075594687461853,
    "score_max": 1.194497412443161,
    "score_mean": 1.153666397256236,
    "score_std": 0.04159423352759028,
    "threshold": 1.1317181184725917,
    "normal_mean": 1.086358342319727,
    "normal_std": 0.01202266480026008,
    "anomaly_mean": 1.1770778946254565,
    "anomaly_std": 0.01255745304821614,
    "fitted": true
  }
}