{
  "category": "tile",
  "auroc": 0.9862914862914862,
  "average_precision": 0.9949202409426108,
  "f1_score": 0.963855421686747,
  "accuracy": 0.9487179487179487,
  "precision": 0.975609756097561,
  "recall": 0.9523809523809523,
  "threshold": 1.124304175376892,
  "threshold_method": "youden",
  "f1_at_fixed_thresholds": {
    "f1_at_p90": 0.25,
    "f1_at_p95": 0.13333333333333333,
    "f1_at_p97": 0.09090909090909091,
    "f1_at_p99": 0.046511627906976744
  },
  "confusion_matrix": [
    [
      31,
      2
    ],
    [
      4,
      80
    ]
  ],
  "classification_report": {
    "Normal": {
      "precision": 0.8857142857142857,
      "recall": 0.9393939393939394,
      "f1-score": 0.9117647058823529,
      "support": 33.0
    },
    "Anomaly": {
      "precision": 0.975609756097561,
      "recall": 0.9523809523809523,
      "f1-score": 0.963855421686747,
      "support": 84.0
    },
    "accuracy": 0.9487179487179487,
    "macro avg": {
      "precision": 0.9306620209059233,
      "recall": 0.9458874458874459,
      "f1-score": 0.9378100637845499,
      "support": 117.0
    },
    "weighted avg": {
      "precision": 0.9502546234253552,
      "recall": 0.9487179487179487,
      "f1-score": 0.9491631685111486,
      "support": 117.0
    }
  },
  "num_normal": 33,
  "num_anomaly": 84,
  "total_samples": 117,
  "score_stats": {
    "min": 1.1055995225906372,
    "max": 1.1948388814926147,
    "mean": 1.1421458721160889,
    "std": 0.02263479307293892,
    "normal_mean": 1.115851879119873,
    "normal_std": 0.006359669379889965,
    "anomaly_mean": 1.1524758338928223,
    "anomaly_std": 0.017871756106615067
  },
  "plots": {
    "roc_curve": "outputs/results\\tile_roc_curve.png",
    "pr_curve": "outputs/results\\tile_pr_curve.png",
    "f1_threshold": "outputs/results\\tile_f1_threshold.png",
    "confusion_matrix": "outputs/results\\tile_confusion_matrix.png",
    "score_distribution": "outputs/results\\tile_score_distribution.png"
  },
  "calibration": {
    "method": "percentile",
    "temperature": 1.0,
    "score_min": 1.1101009607315064,
    "score_max": 1.1786519765853882,
    "score_mean": 1.1421460239296286,
    "score_std": 0.022634803761667786,
    "threshold": 1.1341638837928896,
    "normal_mean": 1.1158519152439001,
    "normal_std": 0.006359679129844374,
    "anomaly_mean": 1.152475852341879,
    "anomaly_std": 0.017871766191939156,
    "fitted": true
  }
}